株式会社ＩＨＩ,ihi.co.jp
アイエヌジー生命保険株式会社,ing-life.co.jp
あいおい生命保険株式会社,ioi-life.co.jp
あいおい損害保険株式会社,ioi-sonpo.co.jp
アイク株式会社,aicincjp.com
アイシン・エィ・ダブリュ工業株式会社,aw-i.co.jp
あいち尾東農業協同組合,jaab.or.jp
愛知機械工業株式会社,aichikikai.co.jp
株式会社愛知銀行,aichibank.co.jp
愛知県経済農業協同組合連合会,ja-aichi.or.jp
愛知県,pref.aichi.jp
愛知時計電機株式会社,aichitokei.co.jp
あいち豊田農業協同組合,ja-aichitoyota.com
愛知農業共済組合,nosai-shiga.or.jp
愛知みなみ農業協同組合,ja-kyosai.or.jp
アイ･ティー･シーネットワーク株式会社,itcnetwork.co.jp
株式会社アイ・ティ・フロンティア,itfrontier.co.jp
株式会社i.JTB,jtbcorp.jp
アイフル株式会社,aiful.co.jp
あおぞら情報システム株式会社,aozora-is.co.jp
株式会社青森銀行,a-bank.co.jp
青森県,pref.aomori.lg.jp
青森市,city.aomori.aomori.jp
株式会社秋田銀行,akita-bank.co.jp
秋田県,pref.akita.lg.jp
秋田市,city.akita.akita.jp
秋田しんせい農業協同組合,akita-shinsei.or.jp
株式会社アキタ電子システムズ,akita-elec.co.jp
アクサ損害保険株式会社,axa-direct.co.jp
株式会社アクセス,acces.co.jp
アコム株式会社,acom.co.jp
旭運輸株式会社,auk.co.jp
旭化成株式会社,asahi-kasei.co.jp
旭化成エレクトロニクス株式会社,asahi-kasei.co.jp
旭化成せんい株式会社,asahi-kasei.co.jp
旭化成ファーマ株式会社,asahi-kasei.co.jp
旭硝子株式会社,agc.co.jp
株式会社旭硝子ファインテクノ,okitamakotaikyou.jp
旭川市,city.asahikawa.hokkaido.jp
株式会社朝日新聞社,asahi-np.co.jp
朝日生命保険相互会社,asahi-life.co.jp
アサヒビール株式会社,asahibeer.co.jp
アジア航測株式会社,ajiko.co.jp
株式会社足利銀行,ashikagabank.co.jp
足利市,city.ashikaga.tochigi.jp
株式会社あしぎんフィナンシャルグループ,ashikagabank.co.jp
味の素株式会社,ajinomoto.co.jp
味の素ゼネラルフーヅ株式会社,agf.co.jp
あずさ監査法人,azsa.or.jp
アステラス製薬株式会社,astellas.com
足立成和信用金庫,adachishinkin.co.jp
ＡＮＡセールス株式会社,anast.co.jp
ANAセールス九州株式会社,anast.co.jp
株式会社アプラス,aplus.co.jp
アメリカンファミリー生命保険会社,aflac.co.jp 
アメリカンホーム保険会社,americanhome.co.jp
荒川区,city.arakawa.tokyo.jp
あらた監査法人,pwc.com
アリコジャパン,alico.co.jp
株式会社アルティア橋本,nissan-global.com
アルパイン株式会社,alpine.co.jp
アルプス電気株式会社,alps.co.jp
アルフレッサ株式会社,fukujin.co.jp
アルフレッサファーマ株式会社,azwell.co.jp
アロカ株式会社,aloka.co.jp
アロン化成株式会社,aronkasei.co.jp
株式会社阿波銀行,awabank.co.jp
安城市,city.anjo.aichi.jp
アンリツ株式会社,anritsu.co.jp
イー･アクセス株式会社,eaccess.net
イオン株式会社,aeon.info 
株式会社イオンファンタジー,fantasy.co.jp
イオンマルシェ株式会社,carrefour.co.jp
石川県,pref.ishikawa.jp
石川島運搬機械株式会社,iuk.co.jp
いすゞ自動車株式会社,isuzu.co.jp
イズミヤ株式会社,izumiya.co.jp
いずも農業協同組合,jaizumo.or.jp
株式会社伊勢丹,isetan.co.jp
いちい信用金庫,shinkin.co.jp
いちき串木野市,city.ichikikushikino.lg.jp
市光工業株式会社,ichikoh.com
一宮市,city.ichinomiya.aichi.jp
市原市,city.ichihara.chiba.jp
イッツ・コミュニケーションズ株式会社,itscom.net
出光興産株式会社,idemitsu.co.jp
株式会社伊藤園,itoen.com
伊藤忠商事株式会社,itochu.co.jp
伊藤忠丸紅鉄鋼株式会社,benichu.com
伊藤ハム株式会社,itoham.co.jp
株式会社イトーヨーカ堂,iyg.co.jp
株式会社ＩＮＡＸ,inax.co.jp
茨城県,pref.ibaraki.jp
茨城トヨペット株式会社,ibaraki-toyopet.co.jp
株式会社伊予銀行,iyobank.co.jp
いるま野農業協同組合,ja-irumano.or.jp
いわき市,iwaki.co.jp
岩谷産業株式会社,iwatani.co.jp
株式会社岩田屋,iwataya.co.jp
株式会社岩手銀行,iwatebank.co.jp
岩手県,pref.iwate.jp
岩手中部農業共済組合,nosai.org
インクリメント・ピー株式会社,incrementp.co.jp
株式会社インテック,intecdtp.co.jp
インテル株式会社,intel.co.jp
インフォコム株式会社,infocom.co.jp
株式会社ヴィ・ド・フランス,viedefrance.co.jp
ウインタートウル・スイス生命保険株式会社,cslife.co.jp
宇宙技術開発株式会社,sed-c.co.jp
宇都宮市,city.utsunomiya.tochigi.jp
宇部興産株式会社,ube-ind.co.jp
宇部市,city.ube.yamaguchi.jp
エア・ウォーター株式会社,awi.co.jp
エイアイジー・スター生命保険株式会社,chiyoda-life.co.jp
エイビーパートナー株式会社,abpartner.co.jp
エイベックス・グループ・ホールディングス株式会社,avex.co.jp
ＡＩＧ株式会社,aig.co.jp
株式会社ＡＮＡコミュニケーションズ,anacom.co.jp
エーザイ株式会社,eisai.co.jp
エース損害保険株式会社,tabicom.com
株式会社エクサ,exa-corp.co.jp
株式会社エクシム,exsym.co.jp
江崎グリコ株式会社,glico.co.jp
株式会社エスアールエル関西,shionogi.co.jp
エスアイアイ・マイクロテクノ株式会社,sii.co.jp
株式会社エスアイアイ・マイクロパーツ,sii.co.jp
エスエス製薬株式会社,ssp.co.jp
ＳＭＣ株式会社,smcworld.com
ＳＭＢＣコンサルティング株式会社,smbc-consulting.co.jp
越後ながおか農業協同組合,ja-echigo.or.jp
越前市,city.echizen.lg.jp
恵那市,city.ena.gifu.jp
NTT-ATテクノコミュニケーションズ株式会社,ntt-at.co.jp
エヌ・ティ・ティ・コムウェア西日本株式会社,nttcom-west.co.jp
エヌ・ティ・ティ・コムウェア東日本株式会社,nttcom-east.co.jp
エヌ・ティ・ティ・システム開発株式会社,ntt-ipnet.co.jp
エヌ・ティ・ティ・データ・システム技術株式会社,ntt-st.co.jp
株式会社ＮＴＴネオメイトサービス九州,ntt-mes-kyushu.co.jp
ＮＲＩネットワークコミュニケーションズ株式会社,nri-network.com
ＮＥＣコントロールシステム株式会社,nec-re.co.jp
NECネッツエスアイ株式会社,nesic.co.jp
ＮＥＣラーニング株式会社,neclearning.jp
ＮＥＣ東芝スペースシステム株式会社,ntspace.jp
ＮＥＣアクセステクニカ株式会社,necat.co.jp
ＮＥＣ液晶テクノロジー株式会社,nec-lcd.com
ＮＥＣエレクトロニクス株式会社,necel.com
ＮＥＣエンジニアリング株式会社,nec-eng.co.jp
ＮＥＣカスタムサポート株式会社,ncsp.co.jp
ＮＥＣソフトウェア九州株式会社,qnes.co.jp
NECディスプレイソリューションズ株式会社,nmv.co.jp
ＮＥＣソフトウエア北陸株式会社,hnes.co.jp
ＮＥＣテレネットワークス株式会社,ntwx.co.jp
ＮＥＣネクサソリューションズ株式会社,nec-techno.co.jp
NECネットワーク・センサ株式会社,necnets.com
ＮＥＣパーソナルプロダクツ株式会社,necp.co.jp
ＮＥＣファクトリエンジニアリング株式会社,nefe.co.jp
NECメディアプロダクツ株式会社,mepros.co.jp
NECモバイリング株式会社,nec-mobiling.com
ＮＥＣリース株式会社,nec-lease.co.jp
ＮＥＣロジスティクス株式会社,necl.co.jp
ＮＥＣマイクロシステム株式会社,necms.com
株式会社エヌエイチケイ文化センター,nhk-cul.co.jp
エヌエスアンドアイ・システムサービス株式会社,nsiss.co.jp
ＮＯＫ株式会社,nok.co.jp
ＮＴＮ株式会社,ntn.co.jp
株式会社エヌ・ティ・ティエムイー,ntt-me.co.jp
株式会社エヌ・ティ・ティエムイーサービス新潟,ntt-meniigata.co.jp
エヌ・ティ・ティ・エレクトロニクステクノロジー株式会社,nel.co.jp
株式会社エヌ・ティ・ティ・クオリス,ntt-q.co.jp
エヌ・ティ・ティ・コミュニケーションズ株式会社,ntt-c.co.jp
エヌ・ティ・ティ・コムウェア東海株式会社,nttcom-tokai.co.jp
エヌ・ティ・ティ・コムウェア北海道株式会社,nttcom-hokkaido.co.jp
エヌティティ先端基盤技術総合研究所,ntt.co.jp
株式会社エヌ・ティ・ティ・ソルコ,solco.co.jp
株式会社エヌ・ティ・ティ・データ,nttdata.co.jp
株式会社エヌ・ティ・ティ・データ・システムサービス,nttdss.co.jp
株式会社エヌ・ティ・ティ・データ・インフォブリオ・セキュリティコンサルティング,infobrio.com
株式会社エヌ・ティ・ティ・データ・キュビット,cubit.co.jp
株式会社エヌ・ティ・ティ・データ・コミュニティ・プロデュース,nttdata-cp.co.jp
株式会社エヌ・ティ・ティ・データシステムズ,tokyo-nttd.co.jp
株式会社エヌ・ティ・ティ・データ中国,nttdata-chugoku.co.jp
株式会社エヌ・ティ・ティ・データ・テクノマーク,techno-mark.co.jp
エヌ・ティ・ティデータ東京ＳＭＳ株式会社,nttdata-sms.co.jp
株式会社エヌ・ティ・ティ・データ・ユニバーシティ,nttdata-univ.co.jp
エヌ・ティ・ティ東京電話帳株式会社,tptokyo.co.jp
株式会社エヌ・ティ・ティ・ドコモ,nttdocomo.co.jp
株式会社エヌ・ティ・ティ・ドコモ東海,ntt.co.jp
株式会社エヌ・ティ・ティ・ドコモ東北,docomo-tohoku.co.jp
エヌ・ティ・ティ都市開発株式会社,nttud.co.jp
NTT西日本大阪病院,ntt-west.co.jp
株式会社NTT西日本－九州,ntt-neo.com
株式会社NTT西日本－中九州,ntt-neo.com
株式会社NTT西日本－東中国,ntt-neo.com
株式会社NTT西日本－兵庫,ntt-neo.com
株式会社NTT西日本－南九州,ntt-neo.com
株式会社NTT西日本－みやこ,ntt-neo.com
株式会社エヌ・ティ・ティネオメイトサービス四国,ntt-mes.co.jp
株式会社エヌ・ティ・ティネオメイトサービス関西,ntt-neoms.co.jp
株式会社エヌ・ティ・ティネオメイトサービス東海,tokai-neo-s.com
株式会社エヌ・ティ・ティピー・シーコミュニケーションズ,nttpc.co.jp
株式会社NTT東日本－東京北,ntt-east-tokyokita.co.jp
株式会社NTT東日本－東京中央,ntt-east-tokyochuo.co.jp
株式会社NTT東日本－東京西,ntt-east-tokyonishi.co.jp
株式会社NTT東日本－東京東,ntt-east-tokyohigashi.co.jp
株式会社NTT東日本－青森,ntt-meaomori.co.jp
株式会社NTT東日本－秋田,ntt-me.co.jp
株式会社NTT東日本－茨城,ntt-me.co.jp
株式会社NTT東日本－岩手,ntt-meiwate.co.jp
株式会社NTT東日本－群馬,ntt-me.co.jp
株式会社NTT東日本－千葉,ntt-me.co.jp
株式会社NTT東日本－東京南,ntt-metokyo.co.jp
株式会社NTT東日本－栃木,ntt-me.co.jp
株式会社NTT東日本－長野,ntt-menagano.co.jp
株式会社NTT東日本－新潟,ntt-meniigata.co.jp
株式会社NTT東日本－福島,ntt-mefukushima.co.jp
株式会社NTT東日本－山形,ntt-meyamagata.co.jp
エヌ・ティ・ティ・ビジネスアソシエ株式会社,ntt-ba.co.jp
株式会社エヌ・ティ・ティ・ビジネスアソシエ東京,ntt-ba.co.jp
株式会社エヌ・ティ・ティファシリティーズエンジニアリング中央,ntt-f.co.jp
株式会社エヌ・ティ・ティ・ファシリティーズ,ntt-f.co.jp
株式会社エヌ・ティ・ティマーケティングアクト,nttact.com
エヌティティ東日本伊豆病院,ntt-east.co.jp
株式会社エネルギア・コミュニケーションズ,enecom.co.jp
株式会社エネルギーアドバンス,energy-advance.co.jp
株式会社荏原製作所,ebara.co.jp
株式会社荏原九州,ebara.co.jp
株式会社愛媛銀行,himegin.co.jp
愛媛県,pref.ehime.jp
愛媛県農業共済組合連合会,e-nosai.or.jp
えひめ中央農業協同組合,ja-e-chuo.or.jp
エプソンイメージングデバイス株式会社,sanyo-epson.com
エプソントヨコム株式会社,epsontoyocom.co.jp
エプソン販売株式会社,i-love-epson.co.jp
株式会社エフティ資生堂,ft-shiseido.co.jp
エフティテクノ株式会社,fttechno.co.jp
ＦＤＫ株式会社,fdk.co.jp
エムイーシーテクノ株式会社,mec-techno.co.jp
エムエルアイ・システムズ株式会社,mlisystems.co.jp
株式会社エム・ケイ・ケイシステム,mitsuikanko.co.jp
遠州中央農業協同組合,ja-shizuoka.or.jp
遠州夢咲農業協同組合,ja-shizuoka.or.jp
王子製紙株式会社,ojipaper.co.jp
大井川農業協同組合,ja-shizuoka.or.jp
大分キヤノンマテリアル株式会社,canon-mtrl.co.jp
株式会社大分銀行,oitabank.co.jp
大分県,pref.oita.jp
大分市,city.oita.oita.jp
大分トヨタ自動車株式会社,toyota.co.jp
大分みらい信用金庫,oitamirai.co.jp
株式会社大垣共立銀行,okb.co.jp
株式会社オークネット,aucnet.co.jp
大阪ガス株式会社,osakagas.com
大阪市信用金庫,osaka-shishin.co.jp
大阪市,city.osaka.jp
株式会社大阪チタニウムテクノロジーズ,sumitomo-ti.co.jp
大阪府,pref.osaka.jp
財団法人大阪府文化財センター,occh.or.jp
大崎電気工業株式会社,osaki.co.jp
王子ビジネスセンター株式会社,pivotal.co.jp
株式会社大島造船所,osy.co.jp
大塚化学ホールディングス株式会社,otsukac.co.jp
株式会社大塚商会,otsuka-shokai.co.jp
大塚製薬株式会社,otsuka.co.jp
株式会社大塚製薬工場,otsuka.co.jp
大津湖南農業共済組合,nosai-shiga.or.jp
株式会社オートバックスセブン,autobacs.co.jp
株式会社大林組,obayashi.co.jp
大淀町,town.oyodo.nara.jp
岡崎市,city.okazaki.aichi.jp
岡崎信用金庫,okashin.co.jp
岡三証券株式会社,okasan.co.jp
株式会社オカムラ物流,okl.co.jp
岡山県,pref.okayama.jp
岡山市農業協同組合,ja-okayama.or.jp
岡山市,city.okayama.okayama.jp
おかやま信用金庫,shinkin.co.jp
沖ウィンテック株式会社,okiwintech.co.jp
沖ソフトウェア株式会社,okisoft.co.jp
株式会社沖データ,okidata.co.jp
沖電気工業株式会社,oki.co.jp
株式会社沖縄海邦銀行,kaiho-bank.co.jp
株式会社沖縄銀行,okinawa-bank.co.jp
沖縄県,pref.okinawa.jp
沖縄振興開発金融公庫,okinawakouko.go.jp
沖縄電力株式会社,okiden.co.jp
小田急建設株式会社,odakyu-kensetsu.co.jp
小田急電鉄株式会社,odakyu-group.co.jp
小樽市,tokeidai.co.jp
株式会社オハラ,ohara-inc.co.jp
帯広市,city.obihiro.hokkaido.jp
オムロン株式会社,omron.co.jp
オムロンフィールドエンジニアリング株式会社,omron-fe.co.jp
株式会社オリエントコーポレーション,orico.co.jp
オリックス株式会社,orix.co.jp
オリンパス株式会社,olympus.co.jp
オルガノ株式会社,organo.co.jp
株式会社オンワード樫山,onward.co.jp
財団法人介護労働安定センター,kaigo-center.or.jp
株式会社カイジョー,kaijo.co.jp
海上自衛隊,jda.go.jp
外務省,mofa.go.jp
花王株式会社,kao.co.jp
花王カスタマーマーケティング株式会社,kao.co.jp
独立行政法人科学技術振興機構,jst.go.jp
各務原市,city.kakamigahara.gifu.jp
株式会社香川銀行,kagawabank.co.jp
香川県,pref.kagawa.jp
香川県農業協同組合,kw-ja.or.jp
株式会社鹿児島銀行,kagin.co.jp
鹿児島県,pref.kagoshima.jp
鹿児島日本電気株式会社,nec.co.jp
カゴメ株式会社,kagome.co.jp
加西市,city.kasai.hyogo.jp
カシオ計算機株式会社,casio.co.jp
鹿島建設株式会社,kajima.co.jp
柏市,city.kashiwa.lg.jp
春日井市,city.kasugai.lg.jp
春日部市,city.kasukabe.lg.jp
株式会社カスミ,kasumi.co.jp
独立行政法人家畜改良センター,nlbc.go.jp
神奈川県,pref.kanagawa.jp
金沢市,city.kanazawa.lg.jp
株式会社金沢村田製作所,murata.co.jp
株式会社カナデン,kanaden.co.jp
株式会社カネカ,kaneka.co.jp
鹿屋市,city.kanoya.kagoshima.lg.jp
株式会社住友金属マイクロデバイス,smmd.co.jp
鎌倉市,city.kamakura.kanagawa.jp
蒲郡市農業協同組合,aichi-ja.or.jp
カルソニックカンセイ株式会社,calsonic.co.jp
カルピス株式会社,calpis.co.jp
特定医療法人社団カレスサッポロ,hokko.or.jp
河合町,town.kawai.nara.jp
川口市,city.kawaguchi.saitama.jp
川越市,city.kawagoe.saitama.jp
川崎汽船株式会社,kline.co.jp
川崎市,city.kawasaki.jp
川崎重工業株式会社,khi.co.jp
川崎信用金庫,kawashin.co.jp
株式会社カワサキプレシジョンマシナリ,khi.co.jp
川崎マイクロエレクトロニクス株式会社,k-micro.com
財団法人癌研究会,jfcr.or.jp
財団法人関西電気保安協会,ksdh.or.jp
関西電力株式会社,kepco.co.jp
新日本監査法人,shinnihon.or.jp
株式会社関電工,kandenko.co.jp
関東自動車工業株式会社,kanto-aw.co.jp
関東地方整備局,ktr.mlit.go.jp
株式会社関東つくば銀行,kantobank.co.jp
函南町,town.kannami.shizuoka.jp
観音寺市,city.kanonji.kagawa.jp
株式会社キーレックス,keylex.co.jp
気象庁,kishou.go.jp
株式会社北関東マツダ,net-furenz.co.jp
北九州市,city.kitakyushu.jp
キッコーマン株式会社,kikkoman.co.jp
鬼怒川ゴム工業株式会社,kinugawa-rubber.co.jp
岐阜県,pref.gifu.jp
岐阜市,city.gifu.lg.jp
岐阜信用金庫,gifushin.co.jp
岐阜トヨタ自動車株式会社,gifutoyota.co.jp
岐阜トヨペット株式会社,toyota.co.jp
紀北町,town.mie-kihoku.lg.jp 
キヤノン株式会社,canon.co.jp
キヤノンアネルバ株式会社,anelva.co.jp
キヤノン化成株式会社,canon-kasei.co.jp
キヤノンシステムアンドサポート株式会社,canon-copyer.co.jp
キヤノンシステムソリューションズ株式会社,canon-sol.co.jp
キヤノンビーエム東京株式会社,canon-bm.co.jp
キヤノンマーケティングジャパン株式会社,canon-sales.co.jp
株式会社キャプティ,k-kanpai.co.jp
財団法人休暇村協会,qkamura.or.jp
財団法人厚生年金事業振興団九州厚生年金病院,kjp.or.jp
九州地方整備局,qsr.mlit.go.jp
九州通信ネットワーク株式会社,qtnet.co.jp
九州電力株式会社,kyuden.co.jp
株式会社九電工,kyudenko.co.jp
共栄火災海上保険株式会社,kyoeikasai.co.jp
株式会社紀陽銀行,kiyobank.co.jp
京セラ株式会社,kyocera.co.jp
京セラＳＬＣテクノロジー株式会社,kyocera-slc.co.jp
京セラミタ株式会社,kyoceramita.co.jp
社団法人共同通信社,kyodo.co.jp
株式会社京都銀行,kyotobank.co.jp
京都市,city.kyoto.jp
社団法人京都府看護協会,kyokango.or.jp
京都府,pref.kyoto.jp
協和発酵工業株式会社,kyowa.co.jp
キリンビール株式会社,kirin.co.jp
キリンビバレッジ株式会社,beverage.co.jp
キリンヤクルトネクストステージ株式会社,kirin-wellfoods.co.jp
株式会社近畿大阪銀行,kinkiosakabank.co.jp
近畿車輛株式会社,kinkisharyo.co.jp
近畿地方整備局,kkr.mlit.go.jp
近畿日本ツーリスト株式会社,knt.co.jp
近畿日本鉄道株式会社,kintetsu.co.jp
株式会社近鉄百貨店,kintetsu.co.jp
株式会社近鉄ロジスティクス・システムズ,kintetsu-ls.co.jp
株式会社きんでん,kinden.co.jp
株式会社クオーク,quoq.co.jp
クオリカ株式会社,qualica.co.jp
郡上市,city.gujo.gifu.jp
釧路市,city.kushiro.hokkaido.jp
グッドウィル・グループ株式会社,coe.co.jp
株式会社クボタ,capsule.co.jp
クボタシーアイ株式会社,kubota-ci.co.jp
熊谷市,city.kumagaya.saitama.jp
熊本県,kings.co.jp
熊本市,city.kumamoto.kumamoto.jp
株式会社熊本ファミリー銀行,kumamotofamilybank.co.jp
株式会社公文教育研究会,kumon.co.jp
グラクソ・スミスクライン株式会社,glaxo.co.jp
株式会社クラヤ三星堂,mediceo.co.jp
クラリオン株式会社,clarion.co.jp
株式会社クラレ,kuraray.co.jp
久留米市,city.kurume.fukuoka.jp
株式会社クレディセゾン,saison.co.jp
グローリー株式会社,a-plan.co.jp
グンゼ株式会社,gunze.co.jp
株式会社群馬銀行,gunmabank.co.jp
群馬県,pref.gunma.jp
株式会社ケイ・エフ・シー,kumamotofamilybank.co.jp
京王電鉄株式会社,keio.co.jp
株式会社京王百貨店,keio-dept.co.jp
株式会社ケイ・オプティコム,k-opti.com
警察庁,npa.go.jp
KDDI研究所,kddlabs.co.jp
株式会社ＫＤＤＩテクニカルエンジニアリングサービス,kddi-tes.com
株式会社KDDIテクノロジー,kddtech.co.jp
京阪電気鉄道株式会社,keihan.co.jp 
株式会社京葉銀行,keiyobank.co.jp
ＫＳオリンパス株式会社,ksolympus.co.jp
株式会社KDDIエボルバ,k-tlm.com
株式会社KDDIネットワーク&ソリューションズ,kddi.com
株式会社ゲオ,geonet.co.jp
株式会社ケーヒン,keihin-corp.co.jp
株式会社ケンウッド,kenwood.co.jp
独立行政法人原子力安全基盤機構,jnes.go.jp
小糸工業株式会社,koito-ind.co.jp
株式会社小糸製作所,koito.co.jp
甲賀郡農業共済組合,nosai-shiga.or.jp
航空自衛隊,jda.go.jp
広成建設株式会社,koseikensetsu.co.jp
株式会社高知銀行,kochi-bank.co.jp
高知県・高知市病院組合,khsc.or.jp
高知県,pref.kochi.jp
合同製鐵株式会社,godo-steel.co.jp
甲府市,city.kofu.yamanashi.jp
神戸市,city.kobe.jp
株式会社神戸製鋼所,kobelco.co.jp
神戸トヨペット株式会社,kobetoyopet.com
株式会社神戸マツダ,mazda-hgr.co.jp
公立学校共済組合,kouritu.go.jp
興和株式会社,kowa.co.jp
興和創薬株式会社,nikken-chemicals.co.jp
独立行政法人港湾空港技術研究所,pari.go.jp
株式会社コーセー,kose.co.jp
コープネット事業連合,coopnet.jp
コカ・コーラセントラルジャパン株式会社,cccj.co.jp
国際紙パルプ商事株式会社,kppc.co.jp
独立行政法人国際協力機構,jica.go.jp
国分株式会社,kokubu.co.jp
国民健康保険中央会,kokuho.or.jp
国民生活金融公庫,kokukin.go.jp
越谷市,city.koshigaya.saitama.jp
コスモ証券株式会社,cosmo-sec.co.jp
株式会社コスモスイニシア,rcosmos.com
コスモ石油株式会社,cosmo-oil.co.jp
国家公務員共済組合連合会,kkr.or.jp
コナミ株式会社,konami.co.jp
コナミスポーツ株式会社,konamisports.com
株式会社コナミデジタルエンタテインメント,konami-digital-entertainment.co.jp
財団法人コニカ画像科学振興財団,konicaminolta.jp
コニカミノルタビジネスソリューションズ株式会社,konicaminolta.jp
株式会社コバショウ,kobashou.co.jp
コベルコ建機株式会社,kobelco-kenki.co.jp
コベルコシステム株式会社,kobelcosoft-service.co.jp
コベルコソフトサービス株式会社,kobelcosoft-service.co.jp
コマツエンジニアリング株式会社,komatsu.co.jp
コマツ産機株式会社,komatsusanki.co.jp
株式会社小松製作所,komatsu.co.jp
コマツ東京株式会社,e-komatsu.com
コマツ物流株式会社,btr-komatsu.co.jp
株式会社コミューチュア,ktk-te.co.jp
株式会社コムスン,comsn.co.jp
雇用・能力開発機構,epc.go.jp
コロムビアミュージックエンタテインメント株式会社,denon.co.jp
西海市,city.saikai.nagasaki.jp
最高裁判所,courts.go.jp
埼玉県,pref.saitama.jp
さいたま市,city.saitama.jp
埼玉トヨタ自動車株式会社,saitamatoyota.co.jp
埼玉トヨペット株式会社,saitama-toyopet.co.jp
さいたま農業協同組合,ja-saitama.net
株式会社埼玉りそな銀行,resona-gr.co.jp
西部ガス株式会社,saibugas.co.jp
堺市,city.sakai.osaka.jp
榊原記念病院,shi-heart.org
佐賀県,pref.saga.jp
佐賀県農業協同組合,jasaga.or.jp
相模鉄道株式会社,sotetsu.co.jp
相模原市,city.sagamihara.kanagawa.jp
佐川急便株式会社,sagawa-exp.co.jp
札幌市,city.sapporo.jp
株式会社札幌東急ストア,sp-tokyu.co.jp
札幌トヨタ自動車株式会社,sapporotoyota.co.jp
サッポロビール株式会社,sapporobeer.co.jp
狭山市,city.sayama.saitama.jp
株式会社佐和サービス,hitachi.co.jp
さわやか信用金庫,shinkin.co.jp
株式会社山陰合同銀行,web-sanin.co.jp
株式会社山九海陸,sankyu.co.jp
山九株式会社,sankyu.co.jp
三共アグロ株式会社,sankyo-agro.com
サンケン電気株式会社,sanken-ele.co.jp
サンスター株式会社,sunstar.com
サンデン株式会社,sanden.co.jp
参天製薬株式会社,santen.co.jp
サントリー株式会社,suntory.co.jp
三洋エナジートワイセル株式会社,seckai.co.jp
株式会社三陽商会,sanyo-shokai.co.jp
三洋信販株式会社,sanyo-shinpan.co.jp
三洋電機株式会社,sanyo.co.jp
三洋電機サービス株式会社,sanyo.co.jp
株式会社エヌ・ティ・ティ・データ三洋システム,sanyo.co.jp
三洋ホームズ株式会社,sanyohomes.co.jp
株式会社サンヨーナイスコーポレーション,nyce.co.jp
三和シヤッター工業株式会社,sanwa-ss.co.jp
株式会社ＣＩＴ,cit-co.com
株式会社CFSコーポレーション,hac-kimisawa.co.jp
CFJ株式会社,cfj.co.jp
CKD株式会社,ckd.co.jp
シーメンス株式会社,siemens.co.jp
株式会社ジェイアール東海ホテルズ,associa.co.jp
ジェイアイ傷害火災保険株式会社,jihoken.co.jp
ＪＳＲ株式会社,jsr.co.jp
ＪＦＥセキュリティ株式会社,jfe-holdings.co.jp
JFE建材フェンス株式会社,jfe-kenzai-fence.co.jp
株式会社ＪＦＥウイング,jfe-holdings.co.jp
JFEエンジニアリング株式会社,jfe-eng.co.jp
JFE工建株式会社,nk3.co.jp
ＪＦＥ商事株式会社,kawasho.co.jp
JFEスチール株式会社,jfe-steel.co.jp
JFE物流株式会社,kawasaki-steel.co.jp
株式会社J－オイルミルズ,j-oil.com
株式会社ジェイス,jais.co.jp
株式会社ジェイティービー,jtb.co.jp
株式会社ジェイティービービジネストラベルソリューションズ,jtb-cwt.com
株式会社ＪＴＢ情報システム,jss.co.jp
株式会社JTBパブリッシング,jtbcorp.jp
株式会社JTB西日本,jtbcorp.jp
株式会社JIEC,jiec.co.jp
株式会社JPハイテック,kaiden.co.jp
株式会社ジェイペック,jp-ec.co.jp
ＪＦＥテクノリサーチ株式会社,kks.co.jp
株式会社ジェーシービー,jcb.co.jp
株式会社ＪＴＢ東北,jtb.co.jp
株式会社ＪＴＢ法人東京,jtb.co.jp
株式会社JTBワールドバケーションズ,jtbcorp.jp
ジェコー株式会社,jeco.co.jp
滋賀県,pref.shiga.jp
株式会社四国銀行,shikokubank.co.jp
四国計測工業株式会社,yonkei.co.jp
四国地方整備局,skr.mlit.go.jp
四国電力株式会社,yonden.co.jp
四国旅客鉄道株式会社,jr-shikoku.co.jp
四国労働金庫,shikoku-rokin.or.jp
資産管理サービス信託銀行株式会社,tcsb.co.jp
静岡がんセンター,scchr.jp
株式会社静岡銀行,shizuokabank.co.jp
静岡県厚生農業協同組合連合会遠州総合病院,ja-shizuoka.or.jp
静岡県,pref.shizuoka.jp
静岡市,city.shizuoka.jp
静岡信用金庫,shinkin.co.jp
静岡トヨペット株式会社,toyota.co.jp
株式会社資生堂,shiseido.co.jp
資生堂リサーチセンター,shiseido.co.jp
株式会社七十七銀行,77bank.co.jp
シチズン時計株式会社,citizen.co.jp
シティバンク銀行株式会社,citigroup.jp
四電エンジニアリング株式会社,yon-e.co.jp
自動車検査独立行政法人,navi.go.jp
志摩市,city.shima.mie.jp
株式会社島津製作所,shimadzu.co.jp
島根県,pref.shimane.lg.jp
株式会社清水銀行,shimizubank.co.jp
清水建設株式会社,shimz.co.jp
清水製薬株式会社,shimizu-pharm.co.jp
下北医療センターむつ総合病院,hospital-mutsu.or.jp
シャープ株式会社,sharp.co.jp
JA全農ミートフーズ株式会社,jazmf.co.jp
株式会社ジャスダック・システムソリューション,jasdaq.co.jp
株式会社ジャックス,jaccscard.co.jp
ジヤトコ株式会社,jatco.co.jp
株式会社ジャパンエナジー,j-energy.co.jp
株式会社ジャムコ,jamco.co.jp
住宅金融支援機構,jyukou.go.jp
株式会社十八銀行,18bank.co.jp
株式会社十六銀行,juroku.co.jp
首都高速道路株式会社,shuto-kousoku.go.jp
株式会社ジュピターTV,jpc.co.jp
株式会社商船三井,mol.co.jp
商船三井ロジスティクス株式会社,moa.co.jp
独立行政法人情報通信研究機構,crl.go.jp
昭和シェルビジネス＆ITソリューションズ株式会社,shell.co.jp
昭和電工株式会社,sdk.co.jp
昭和リース株式会社,s-l.co.jp
株式会社ショーワ,showa1.com
信越化学工業株式会社,shinetsu.co.jp
信越ポリマー株式会社,shinpoly.co.jp
新温泉町,town.shinonsen.hyogo.jp
新キャタピラー三菱株式会社,scm.co.jp
新光証券株式会社,shinko-sec.co.jp
神鋼電機株式会社,shinko-elec.co.jp
新光電気工業株式会社,shinko.co.jp
新光投信株式会社,shinkotoushin.co.jp
医療法人真正会,kasumi-gr.com
新日軽株式会社,shinnikkei.co.jp
新日鉄エンジニアリング株式会社,nsc-eng.co.jp
新日鐵住金ステンレス株式会社,ns-sc.co.jp
新日鉄ソリューションズ株式会社,enicom.co.jp
新日本製鐵株式會社,nsc.co.jp
新日本空調株式会社,snk.co.jp
財団法人新日本検定協会,shinken.or.jp
新日本石油株式会社,nisseki.co.jp
新日本造機株式会社,snm.co.jp
株式会社親和銀行,shinwabank.co.jp
スズキ株式会社,suzuki.co.jp
株式会社スズケン,suzuken.co.jp
スタンレー電気株式会社,stanley.co.jp
株式会社スペースシャワーネットワーク,sstvnet.co.jp
住友化学株式会社,sumitomo-chem.co.jp
株式会社三井住友銀行,sumitomobank.co.jp
住友金属工業株式会社,sumikin.co.jp
住友建機株式会社,sumitomokenki.co.jp
住友鋼管株式会社,sumitomokokan.co.jp
住友ゴム工業株式会社,sumitomorubber.co.jp
住友重機械工業株式会社,shi.co.jp
住友商事株式会社,sumitomocorp.co.jp
住友信託銀行株式会社,sumitomotrust.co.jp
住友スリーエム株式会社,mmm.com
住友生命保険相互会社,sumitomolife.co.jp
住友電気工業株式会社,sei.co.jp
住友電工電子ワイヤー株式会社,sei.co.jp
住友電工ブレーキシステムズ株式会社,sei.co.jp
住友電設株式会社,sem.co.jp
住友電装株式会社,sws.co.jp
住友不動産販売株式会社,stepon.co.jp
住友ベークライト株式会社,sumibe.co.jp
株式会社スミトロニクス,sumitronics.co.jp
スルガ銀行株式会社,surugabank.co.jp
生活協同組合おかやまコープ,okayama-coop.or.jp
星光ビル管理株式会社,seikogroup.co.jp
セイコーインスツル株式会社,sii.co.jp
セイコーエプソン株式会社,epson.co.jp
セイコーオプティカルプロダクツ株式会社,seiko-opt.co.jp
セイコープレシジョン株式会社,seiko-p.co.jp
西濃運輸株式会社,seino.co.jp
セイノーホールディングス株式会社,seino.co.jp
西武運輸株式会社,seibu-unyu.co.jp
西武鉄道株式会社,seibu-group.co.jp
株式会社整理回収機構,kaisyukikou.co.jp
積水化学工業株式会社,sekisui.co.jp
積水ハウス株式会社,sekisuihouse.co.jp
積水フィルム株式会社,sekisui.co.jp
独立行政法人石油天然ガス・金属鉱物資源機構,jogmec.go.jp
積和不動産中部株式会社,sekiwachubu.co.jp
セコム株式会社,secom.co.jp
株式会社セシール,cecile.co.jp
世田谷区,city.setagaya.tokyo.jp
全国共済農業協同組合連合会,zenkyoren.or.jp
全国農業協同組合連合会,zennoh.or.jp
株式会社泉州銀行,senshubank.co.jp
株式会社千趣会,senshukai.co.jp
仙台市,city.sendai.jp
仙台農業協同組合,jasendai.or.jp
財団法人先端医療振興財団,ibri-kobe.org
セントラル・コンピュータ・サービス株式会社,ccs.co.jp
セントラル自動車株式会社,central-motor.co.jp
株式会社セントラルファイナンス,cfweb.co.jp
全日空システム企画株式会社,asp-kk.co.jp 
全日本空輸株式会社,ana.co.jp
株式会社ゼンリン,zenrin.co.jp
綜警常駐警備株式会社,alsok-sjk.com
綜警ビルサービス株式会社,sokbs.co.jp
綜合警備保障株式会社,sok.co.jp
双日株式会社,sojitz.com 
独立行政法人造幣局,mint.go.jp
総務省消防庁消防大学校消防研究センター,fri.go.jp
ソニー株式会社,sony.com
ソニーイーエムシーエス株式会社,sonyemcs.co.jp
ソニー・エリクソン・モバイルコミュニケーションズ株式会社,sonyericsson.co.jp
ソニーLSIデザイン株式会社,sony-lsi.co.jp
株式会社ソニー・コンピュータエンタテインメント,scei.co.jp
ソニー生命保険株式会社,sonylife.co.jp
ソニーファシリティマネジメント株式会社,sonyfm.co.jp
ソニーマーケティング株式会社,sony.co.jp
ソフトバンク株式会社,softbank.co.jp
ソフトバンク・インベストメント株式会社,sbiventures.jp
ソフトバンクIDC株式会社,cwidc.com
ソフトバンクテレコム株式会社,softbanktelecom.co.jp
ソフトバンクBB株式会社,softbankbb.co.jp
ソフトバンク・ヒューマンキャピタル株式会社,softbankhc.co.jp
ソフトバンクモバイル株式会社,j-phone.com
株式会社ソフマップ,sofmap.co.jp
そんぽ２４損害保険株式会社,directline.co.jp
株式会社第一興商,dkkaraoke.co.jp
第一三共株式会社,daiichisankyo.co.jp
第一生命保険相互会社,dai-ichi-life.co.jp
第一ファインケミカル株式会社,daiichi-fcj.co.jp
株式会社ダイエー,daiei.co.jp
ダイキン工業株式会社,daikin.co.jp
株式会社大広,daiko.co.jp
大興電子通信株式会社,daikodenshi.co.jp
株式会社第三銀行,daisanbank.co.jp
株式会社第四銀行,daishi-bank.co.jp
大正製薬株式会社,taisho.co.jp
大成温調株式会社,taisei-oncho.co.jp
大成建設株式会社,taisei.co.jp
大東建託株式会社,kentaku.co.jp
大同生命保険株式会社,daido-life.co.jp
大日本印刷株式会社,dnp.co.jp
大日本スクリーン製造株式会社,screen.co.jp
大日本住友製薬株式会社,dainippon-pharm.co.jp
ダイハツ千葉販売株式会社,daihatsu.co.jp
太平工業株式会社,taiheikogyo.co.jp
大豊工業株式会社,taihonet.co.jp
株式会社大丸,daimaru.co.jp
ダイムラー日本株式会社,daimlerchrysler.co.jp
太陽生命保険株式会社,taiyo-seimei.co.jp
太陽誘電株式会社,yuden.co.jp
大和証券株式会社,daiwa.co.jp
大和証券エスエムビーシー株式会社,daiwa.co.jp
株式会社大和証券グループ本社,daiwa.co.jp
大和ハウス工業株式会社,daiwahouse.co.jp
高岡市,city.takaoka.toyama.jp
株式会社高岳製作所,takaoka.co.jp
高崎市,city.takasaki.gunma.jp
高島郡農業共済組合,nosai-shiga.or.jp
株式会社髙島屋,takashimaya.co.jp
宝酒造株式会社,takara.co.jp
財団法人竹田綜合病院,takeda.or.jp
武田薬品工業株式会社,takeda.co.jp
株式会社竹中工務店,takenaka.co.jp
株式会社武富士,takefuji.co.jp
たつの市,city.tatsuno.hyogo.jp
田辺三菱製薬株式会社,tanabe.co.jp
独立行政法人種苗管理センター,ncss.go.jp
玉名農業協同組合,jatamana.or.jp
株式会社筑邦銀行,chikugin.co.jp
チッソ株式会社,chisso.co.jp
株式会社千葉銀行,chibabank.co.jp
千葉県,pref.chiba.jp
株式会社千葉興業銀行,chibakogyo-bank.co.jp
千葉市,city.chiba.jp
千葉日産自動車株式会社,chiba-nissan.co.jp
千葉トヨタ自動車株式会社,chibatoyota.co.jp
中央コンピュータ株式会社,chuo-computer.co.jp
中央精機株式会社,chuouseiki.co.jp
中央三井信託銀行株式会社,mitsuitrust.co.jp
中外製薬株式会社,chugai-pharm.co.jp
株式会社中京銀行,chukyo-bank.co.jp
社会保険中京病院,chukyo-hosp.jp
株式会社中国銀行,chugin.co.jp
社団法人中国建設弘済会,ccba.or.jp
中国地方整備局,cgr.mlit.go.jp
財団法人中国電気保安協会,ces.or.jp
中国電力株式会社,energia.co.jp
独立行政法人中小企業基盤整備機構,smrj.go.jp
株式会社中電工,chudenko.co.jp
株式会社中電シーティーアイ,cti.co.jp
社団法人中部建設協会,ckknet.jp
中部国際空港株式会社,cjiac.co.jp
中部地方整備局,cbr.mlit.go.jp
中部テレコミュニケーション株式会社,ctc.co.jp
中部電力株式会社,chuden.co.jp
株式会社中部ハイテクサービス,chts.co.jp
中小企業金融公庫,jfs.go.jp
蝶理株式会社,chori.co.jp
通研電気工業株式会社,2ken.co.jp
つくば市,city.tsukuba.ibaraki.jp
津山中央病院,tch.or.jp
株式会社データ・デザイン,datadesign.co.jp
ＴＩＳシステムサービス株式会社,tss-j.co.jp
Ｔ&Ｄフィナンシャル生命保険株式会社,tdf-life.co.jp
ＴＩＳ株式会社,tis.co.jp
T&D情報システム株式会社,td-system.co.jp
株式会社DNPデジタルコム,dnp-digi.com
株式会社DNPメディアクリエイト関西,dnp.co.jp
TMTマシナリー株式会社,toray.co.jp
ＴＬ物流サービス株式会社,yuso.co.jp
帝人株式会社,teijin.co.jp
帝人ファーマ株式会社,teijin-pharma.co.jp
帝人ファイバー株式会社,teijinfiber.com
株式会社ティップネス,marubeni.co.jp
ＴＤＫ株式会社,tdk.co.jp
株式会社デイリーヤマザキ,daily-yamazaki.co.jp
テックインフォメーションシステムズ株式会社,tecinfosys.co.jp
鉄建建設株式会社,tekken.co.jp
株式会社テプコシステムズ,tepsys.co.jp
テルモ株式会社,mycom.co.jp
株式会社テレパーク,mitsui-telepark.co.jp
株式会社テレビ朝日,tv-asahi.co.jp
株式会社テレビ東京,tv-tokyo.co.jp
株式会社テレマーケティングジャパン,telemarketing.co.jp
電源開発株式会社,epdc.co.jp
株式会社でんさテクノ,dtts.co.jp
株式会社デンソーウェーブ,denso-wave.com
株式会社デンソー技研センター,denso-ets.com
株式会社デンソーシステムズ,denso-wave.com
株式会社電通,dentsu.co.jp
テンプスタッフ株式会社,tempstaff.co.jp
東亞合成株式会社,toagosei.co.jp
道央農業協同組合,ja-dowoh.com
東海東京証券株式会社,tokaitokyo.co.jp
株式会社東急エージェンシー,tokyu-agc.co.jp
株式会社東急コミュニティー,tokyu-community.co.jp
東急車輛製造株式会社,tokyu-car.co.jp
株式会社東急ハンズ,tokyu-hands.co.jp
株式会社東急百貨店,tokyu-depart.co.jp
東急ファシリティサービス株式会社,tokyu-facility-service.co.jp
東急リバブル株式会社,livable.co.jp
東京エレクトロン株式会社,tel.co.jp
東京エレクトロンソフトウェア・テクノロジーズ株式会社,tel.co.jp
東京海上日動火災保険株式会社,tokiomarine.co.jp
東京海上日動フィナンシャル生命保険株式会社,millea.co.jp
東京ガス株式会社,tokyo-gas.co.jp
東京ガス・カスタマーサービス株式会社,tokyo-gas.co.jp
東京急行電鉄株式会社,tokyu.co.jp
東京信用保証協会,cgc-tokyo.or.jp
財団法人東京社会保険協会,tosyakyo.or.jp
東京商工会議所,tokyo-cci.or.jp
東京書籍株式会社,tokyo-shoseki.co.jp
株式会社東京スター銀行,tokyosowabank.co.jp
東京地下鉄株式会社,tokyometro.go.jp
東京電力株式会社,tepco.co.jp
東京特殊電線株式会社,totoku.co.jp
東京都,metro.tokyo.jp
株式会社東京都民銀行,tominbank.co.jp
東京トヨペット株式会社,tokyo-toyopet.co.jp
東京入国管理局,immi-moj.go.jp
東京日野自動車株式会社,tokyo-hino.co.jp
株式会社東京放送,tbs.co.jp
Ｔｏｋｙｏ－Ｍｉｔｓｕｂｉｓｈｉ Ｓｅｃｕｒｉｔｉｅｓ Ｃｏ．，Ｌｔｄ．,mitsubishi-sec.co.jp
東京リース株式会社,tokyoleasing.co.jp
東銀リース株式会社,botlease.co.jp
独立行政法人統計センター,nstac.go.jp
株式会社東芝,toshiba.co.jp
東芝ITコントロールシステム株式会社,toshiba-itc.com
東芝ITサービス株式会社,it-serve.co.jp
東芝ＥＩコントロールシステム株式会社,teic.jp
東芝インフォメーションシステムズ株式会社,toshiba-tsis.co.jp
東芝機械株式会社,toshiba-machine.co.jp
東芝機械マシナリー株式会社,toshiba-machine.co.jp
東芝キヤリア株式会社,toshiba-carrier.co.jp
東芝キヤリア空調システムズ株式会社,toshiba-carrier.co.jp
東芝コミュニケーションシステムサービス株式会社,toshiba-tcse.co.jp
東芝自動機器システムサービス株式会社,toshiba-tass.co.jp
東芝シュネデール・インバータ株式会社,inverter.co.jp
東芝情報機器株式会社,toshiba-tie.co.jp
東芝ソシオシステムズ株式会社,toshiba-tsa.co.jp
東芝ソリューション株式会社,toshiba-it.co.jp
東芝テック株式会社,tecne.co.jp
東芝電池株式会社,tbcl.co.jp
東芝電波システムエンジニアリング株式会社,toshiba-tds.co.jp
東芝電波プロダクツ株式会社,toshiba-tesco.co.jp
東芝電力系統システムテクノロジー株式会社,tdst.co.jp
東芝病院,toshiba.co.jp
東芝プラントシステム株式会社,tpk.co.jp
東芝松下ディスプレイテクノロジー株式会社,tmdisplay.com
東芝三菱電機産業システム株式会社,tmeic.co.jp
株式会社東電通,todentu.co.jp
東電物流株式会社,tepco-logistics.co.jp
東都生活協同組合,tohto-coop.or.jp
東武鉄道株式会社,tobu.co.jp
東武トラベル株式会社,tobu.co.jp
株式会社東邦銀行,tohobank.co.jp
東北地方整備局,thr.mlit.go.jp
東北電力株式会社,tohoku-epco.co.jp
東北発電工業株式会社,tohatu.co.jp
東北リコー株式会社,ricoh.co.jp
東洋インキ製造株式会社,toyoink.co.jp
東洋エンジニアリング株式会社,toyo-eng.co.jp
東洋ゴム工業株式会社,toyo-rubber.co.jp
株式会社東洋製作所,toyo-ew.co.jp
東洋紡績株式会社,toyobo.co.jp
東洋冷蔵株式会社,mycom.co.jp
東レ株式会社,toray.co.jp
株式会社東和銀行,towabank.co.jp
株式会社トーエネック,toenec.co.jp
東ソー株式会社,tosoh.co.jp
ＴＯＴＯ株式会社,toto.co.jp
監査法人トーマツ,tohmatsu.co.jp
独立行政法人土木研究所,pwri.go.jp
株式会社徳島銀行,tokugin.co.jp
徳島県,pref.tokushima.jp
医療法人徳洲会,tokushukai.or.jp
社会福祉法人篤豊会,tokuhoukai.jp
独立行政法人国民生活センター,kokusen.go.jp
ドコモエンジニアリング関西株式会社,docomoeg-kan.co.jp
ドコモサービス株式会社,docomo-staff.com
ドコモ・サポート株式会社,docomo-support.co.jp
ドコモ・システムズ株式会社,docomo-sys.co.jp
ドコモ・センツウ株式会社,docomosentu.co.jp
ドコモ・テクノロジ株式会社,docomo-tech.co.jp
ドコモ・モバイル株式会社,docomobile.co.jp
ドコモ・モバイルメディア関西株式会社,docomomm-kan.co.jp
所沢市,city.tokorozawa.saitama.jp
独立行政法人都市再生機構,hud.go.jp
戸田建設株式会社,toda.co.jp
栃木県,pref.tochigi.jp
栃木トヨタ自動車株式会社,tochigitoyota.com
栃木トヨペット株式会社,toyota.co.jp
鳥取いなば農業協同組合,jainaba.com
株式会社鳥取銀行,tottoribank.co.jp
鳥取県,pref.tottori.lg.jp
鳥取市,city.tottori.tottori.jp
鳥取西部農業協同組合,jats.jp
凸版印刷株式会社,toppan.co.jp
トッパン・フォームズ株式会社,toppan-f.co.jp
ＴＯＴＯウォシュレットテクノ株式会社,panwashlet.co.jp
とぴあ浜松農業協同組合,ja-shizuoka.or.jp
株式会社トプコン,topcon.co.jp
株式会社トマト銀行,tomatobank.co.jp
豊見城市,city.tomigusuku.okinawa.jp
富山県厚生農業協同組合連合会高岡病院,kouseiren-ta.or.jp
富山県,pref.toyama.lg.jp
富山市,city.toyama.toyama.jp
医療法人豊田会,toyota-kai.or.jp 
トヨタカローラ愛知株式会社,c-aichi.co.jp
トヨタカローラ熊本株式会社,toyota.co.jp
トヨタカローラ広島株式会社,toyota.co.jp
トヨタカローラ三重株式会社,toyota.co.jp
トヨタカローラ山形株式会社,tc-ymt.jp
トヨタカローラ新茨城株式会社,corolla-si.jp
トヨタカローラ新大阪株式会社,toyota.co.jp
トヨタカローラ東海株式会社,toyota.co.jp
トヨタカローラ南海株式会社,tng.co.jp
トヨタカローラ南信株式会社,tc-nanshin.co.jp
トヨタカローラ名古屋株式会社,c-nagoya.jp
トヨタ記念病院,toyota-mh.jp
豊田合成労働組合,toyoda-gosei.co.jp
株式会社豊田自動織機,toyota-shokki.co.jp
豊田市,city.toyota.aichi.jp
トヨタ自動車株式会社,toyota.co.jp
トヨタ生活協同組合,meglia-net.jp
トヨタ部品千葉共販株式会社,toyota-parts-chiba.jp
トヨタ部品東京共販株式会社,tokyo-kyohan.com
株式会社トヨタプロダクションエンジニアリング,bpa.co.jp
トヨタホーム株式会社,toyotahome.co.jp
トヨタホーム東京株式会社,toyotahome-tokyo.com
Ｔｏｙｏｔａ　Ｍｏｔｏｒ　Ｓａｌｅｓ，　Ｕ．Ｓ．Ａ．，Ｉｎｃ．,toyota.co.jp
株式会社トヨタレンタリース東京,toyota-rl-tyo.co.jp
豊橋市,city.toyohashi.aichi.jp
中日本高速道路株式会社,c-nexco.co.jp
長野県,pref.nagano.jp
長野市,city.nagano.nagano.jp
長野トヨタ自動車株式会社,toyota-ugroup.com
名古屋市,city.nagoya.jp
名古屋鉄道株式会社,meitetsu.co.jp
名古屋トヨペット株式会社,ntp.co.jp
那須烏山市,city.nasukarasuyama.lg.jp
ナブテスコ株式会社,nabco.co.jp
株式会社ナムコ,namco.co.jp
奈良県,pref.nara.jp
成田国際空港株式会社,narita-airport.or.jp
南海電気鉄道株式会社,nankai.co.jp
株式会社南都銀行,nantobank.co.jp
新潟県,pref.niigata.lg.jp
新潟市,city.niigata.jp
株式会社ニコン,nikon.co.jp
株式会社ニコンシステム,nikon-sys.co.jp
株式会社にしけい,nishikeinet.co.jp
株式会社西日本シティ銀行,nishigin.co.jp
西日本鉄道株式会社,nnr.co.jp
西日本高速道路株式会社,w-nexco.co.jp
西日本電気システム株式会社,jrwg-nesco.co.jp
西日本旅客鉄道株式会社,westjr.co.jp
株式会社ニチイ学館,nichiigakkan.co.jp
日油株式会社,nof.co.jp
株式会社ニチレイ,nichirei.co.jp
株式会社ニチレイ・ロジスティクス関西,knichi.co.jp
日揮株式会社,jgc.co.jp
株式会社日経ビーピー,nikkeibp.co.jp
日興コーディアル証券株式会社,nikko.co.jp
日興シティグループ・サービス株式会社,nikko.co.jp
株式会社日産サティオ兵庫,satio-hyogo.co.jp
日産自動車株式会社,nissan.co.jp
日産車体株式会社,nissan-shatai.co.jp
日産ディーゼル工業株式会社,nissandiesel.co.jp
株式会社日産テクノ,nissan-techno.com
日産プリンス静岡販売株式会社,nissan-prince-s.co.jp
日産プリンス西東京販売株式会社,prince-nishitokyo.co.jp
日新火災海上保険株式会社,nisshinfire.co.jp
日新製鋼株式会社,nisshin-steel.co.jp
日清紡績株式会社,nisshinbo.co.jp
株式会社ニッセイコム,nisseicom.co.jp
ニッセイ同和損害保険株式会社,nissaydowa.co.jp
ニッセイ同和損害保険調査株式会社,nissaydowa.co.jp
株式会社ニッセン,nissen.co.jp
ＮＥＣインフロンティア株式会社,nitsuko.co.jp
日通商事株式会社,nittsushoji.co.jp
株式会社日鉄エレックス,ns-elex.co.jp
日鐵商事株式会社,ns-net.co.jp
日鐵住金建材株式会社,ns-kenzai.co.jp
日鉄パイプライン株式会社,nsc-eng.co.jp
日東物流株式会社,nitto-ntl.co.jp
株式会社NIPPOコーポレーション,nipponhodo.co.jp
日本軽金属株式会社,nikkeikin.co.jp
日本合成化学工業株式会社,nichigo.co.jp
株式会社あおぞら銀行,ncb.co.jp
日本車輌製造株式会社,n-sharyo.co.jp
日本情報通信株式会社,niandc.co.jp
株式会社日本触媒,shokubai.co.jp
日本新薬株式会社,nippon-shinyaku.co.jp 
日本製紙株式会社,npaper.co.jp
日本製紙クレシア株式会社,wiping-world.com
日本ゼオン株式会社,zeon.co.jp
日本通運株式会社,nittsu.co.jp
日本電気株式会社,nec.co.jp
日本電信電話株式会社,ntt.co.jp
日本電設工業株式会社,densetsuko.co.jp
日本特殊陶業株式会社,ngkntk.co.jp
日本ハム株式会社,nipponham.co.jp
日本ビクター株式会社,jvc-victor.co.jp
日本郵船株式会社,nykline.co.jp
ニプロ株式会社,nipro.co.jp
日本アイ・ビー・エム株式会社,ibm.co.jp
日本アビオニクス株式会社,avio.co.jp
日本板硝子株式会社,nsg.co.jp
株式会社日本ＡＥパワーシステムズ,jaeps.com
日本ＳＧＩ株式会社,sgi.co.jp
社団法人日本音楽著作権協会,jasrac.or.jp
日本ガイシ株式会社,ngk.co.jp
財団法人日本化学繊維検査協会,kaken.or.jp
日本興亜損害調査株式会社,nipponkoa.co.jp
日本銀行,nsw.co.jp
日本クラウンコルク株式会社,ncc-caps.co.jp
株式会社日本経済新聞社,nikkei.co.jp
社団法人日本経済団体連合会,keidanren.or.jp
日本原子力発電株式会社,japc.co.jp
日本ケンタッキー・フライド・チキン株式会社,kfc.co.jp
日本工営株式会社,n-koei.co.jp
医療法人社団日本鋼管福山病院,nkfh.or.jp
日本興業株式会社,nihon-kogyo.co.jp
株式会社日本航空,jal.jp
日本航空電子工業株式会社,jae.co.jp
日本コカ・コーラ株式会社,cocacola.co.jp
財団法人日本国際協力センタ－,jice.org
日本私立学校振興・共済事業団,shigaku.go.jp
日本システム技術株式会社,nsgnet.co.jp
財団法人日本自動車研究所,jari.or.jp
社団法人日本自動車連盟,jaf.or.jp
日本情報産業株式会社,nii.co.jp
日本情報通信コンサルティング株式会社,ntc.co.jp
日本精工株式会社,nsk-ltd.co.jp
日本政策投資銀行,jdb.go.jp
日本生命保険相互会社,nissay.co.jp
株式会社日本総合研究所,jri.co.jp
日本総合住生活株式会社,js-net.co.jp
日本たばこ産業株式会社,jti.co.jp
日本中央競馬会,jra.go.jp
日本テレコムインボイス株式会社,telecom-invoice.co.jp
日本テレビ放送網株式会社,ntv.co.jp
日本電気計器検定所,jemic.go.jp
日本電工株式会社,nippondenko.co.jp
日本電話施設株式会社,nds-g.co.jp
日本電産サンキョー株式会社,sankyoseiki.co.jp
日本バイリーン株式会社,vilene.co.jp
日本発条株式会社,nhkspg.co.jp
日本飛行機株式会社,nippi.co.jp
財団法人日本品質保証機構,jqa.or.jp
日本フィールド・エンジニアリング株式会社,nfe.co.jp
財団法人日本不動産研究所,reinet.or.jp
独立行政法人日本貿易保険,nexi.go.jp
日本放送協会,nhk.or.jp
日本マクドナルド株式会社,mcdonalds.co.jp
日本マスタートラスト信託銀行株式会社,mastertrust.co.jp
日本ミルクコミュニティ株式会社,n-milk.com
日本無線株式会社,jrc.co.jp
日本メクトロン株式会社,mektron.co.jp
日本郵政株式会社,yusei.go.jp
日本ユニシス株式会社,unisys.co.jp
株式会社日本旅行,nta.co.jp
沼津市,city.numazu.shizuoka.jp
ネスレ日本株式会社,nestle.co.jp
ネッツトヨタ愛知株式会社,netzaichi.co.jp
ネッツトヨタ岐阜株式会社,netzgifu.co.jp
ネッツトヨタ群馬株式会社,netzgunma.co.jp
ネッツトヨタ埼玉株式会社,netz-saitama.com
ネッツトヨタ仙台株式会社,netz-sendai.jp
ネッツトヨタ大阪株式会社,netz-osaka.co.jp
ネッツトヨタ長野株式会社,toyota-ugroup.com
ネッツトヨタ北九州株式会社,hellonetz.com
ネットワンシステムズ株式会社,netone.co.jp
練馬区,city.nerima.tokyo.jp
能美防災株式会社,nohmi.co.jp
農林漁業金融公庫,afc.go.jp
農林水産省,maff.go.jp
独立行政法人農林水産消費技術センター,cfqlcs.go.jp
農林中央金庫,nochubank.or.jp
農林中金全共連アセットマネジメント株式会社,ja-asset.co.jp
株式会社ノーリツ,noritz.co.jp
野村アセットマネジメント株式会社,nomura-am.co.jp
野村證券株式会社,nomura.co.jp
野村不動産株式会社,nomura-re.co.jp
野村不動産アーバンネット株式会社,nomura-un.co.jp
野村ホーム株式会社,nomura-home.co.jp
野村リビングサポート株式会社,nomura-ls.co.jp
バイエル薬品株式会社,bayer.co.jp
パイオニア株式会社,pioneer.co.jp
パイオニアディスプレイプロダクツ株式会社,pioneer.co.jp
パイオニアプラズマディスプレイ株式会社,pioneer.co.jp
パイオニア・マイクロ・テクノロジー株式会社,pvc.co.jp
株式会社ハイテック,hitec.co.jp
ハイデックシステムズ株式会社,hidec.co.jp
財団法人ハイパーネットワーク社会研究所,hyper.or.jp
ハウス食品株式会社,housefoods.co.jp
株式会社博報堂,hakuhodo.co.jp
株式会社博報堂DYメディアパートナーズ,hakuhodody-media.co.jp
函館市,city.hakodate.hokkaido.jp
株式会社間組,hazama.co.jp
株式会社パシフィックツアーシステムズ,pts.co.jp
株式会社長谷工コーポレーション,haseko.co.jp
株式会社パソナ,pasona.co.jp
株式会社パソナキャリア,pasonacareer.co.jp
秦野市,city.hadano.kanagawa.jp
八王子市,city.hachioji.tokyo.jp
八戸市,city.hachinohe.aomori.jp
パナソニックＡＶＣマルチメディアソフト株式会社,panasonic.co.jp
パナソニックSSマーケティング株式会社,panasonic.co.jp
パナソニックFSエンジニアリング株式会社,panasonic.co.jp
パナソニックカーエレクトロニクス株式会社,panasonic.co.jp
パナソニックコミュニケーションズ株式会社,panasonic.co.jp
パナソニックCCソリューションズ株式会社,panasonic.co.jp
パナソニックシステムソリューションズ社,panasonic.co.jp
パナソニック情報システム株式会社,panasonic.co.jp
パナソニックファクトリーソリューションズ株式会社,panasonic.co.jp
パナソニックモバイルコミュニケーションズ株式会社,panasonic.co.jp
パナホーム株式会社,panahome.co.jp
株式会社ハピネット,hap-net.com
バブコック日立株式会社,bhk.co.jp
株式会社はまぎん事務センター,boy.co.jp
浜松市,city.hamamatsu.shizuoka.jp
浜松信用金庫,shinkin.co.jp
パラマウントホームエンタテインメントジャパン株式会社,uipjapan.com
ハリソン東芝ライティング株式会社,harison.co.jp
パル債権回収株式会社,palsvc.co.jp
株式会社阪急交通社,hankyu-cargo.co.jp
阪急電鉄株式会社,hankyu.co.jp
株式会社阪急ホテルマネジメント,hankyu.co.jp
阪神高速道路株式会社,hepc.go.jp
阪神電気鉄道株式会社,hanshin.co.jp
株式会社バンダイ,bandai.co.jp
株式会社バンダイナムコゲームス,bandainamcogames.co.jp
バンダイネットワークス株式会社,bandai-net.com
株式会社ホンダカーズ埼玉,clio-s.co.jp
株式会社半導体先端テクノロジーズ,selete.co.jp
万有製薬株式会社,banyu.co.jp
ぴあ株式会社,pia.co.jp
"Bewith, Inc.",bewith.net
株式会社ピーエス三菱,psc.co.jp
株式会社ＰＦＵ,pfu.co.jp
BBモバイル株式会社,softbank.co.jp
東日本高速道路株式会社,e-nexco.co.jp
東日本電気エンジニアリング株式会社,tems.co.jp
東日本電信電話株式会社,ntt-east.co.jp
東日本旅客鉄道株式会社,jreast.co.jp
東びわこ農業協同組合,jaeast.com
東村山市,city.higashimurayama.tokyo.jp
ビクトレックス・エムシー株式会社,mitsui-chem.co.jp
株式会社肥後銀行,higobank.co.jp
彦根犬上農業共済組合,nosai-shiga.or.jp
日立ＩＮＳソフトウェア株式会社,h-ins.com
日立アプライアンス株式会社,hitachiacs.co.jp
日立化成工業株式会社,hitachi-chem.co.jp
株式会社日立神奈川マニュファクチャリングソリューション,kanagawa-ps.com
日立機材株式会社,hitachi-kizai.co.jp
日立キャピタル株式会社,hitachi-capital.co.jp
日立金属工具鋼株式会社,hitachi-metals-ts.co.jp
株式会社日立グローバルストレージテクノロジーズ,hitachigst.com
日立建機株式会社,hitachi-kenki.co.jp
日立工機株式会社,hitachi-koki.co.jp
株式会社日立国際電気,h-kokusai.com
株式会社日立コンサルティング,hitachiconsulting.co.jp 
日立コンシューマ・マーケティング株式会社,hitachi-hl.com
株式会社日立産機システム,hitachi-ies.co.jp
株式会社日立情報システムズ,hitachi-his.co.jp
日立情報通信エンジニアリング株式会社,hitachi-hybrid.co.jp
株式会社日立製作所,hitachi.co.jp
日立ソフトウェアエンジニアリング株式会社,hitachi-sk.co.jp
株式会社日立ディスプレイズ,hitachi-displays.com
日立電子サービス株式会社,hitachi-densa.co.jp
日立電子テクノシステム株式会社,htspro.co.jp
日立電線株式会社,hitachi-cable.co.jp
日立トリプルウィン株式会社,hitachi-triplewin.co.jp
ひたちなか市,city.hitachinaka.ibaraki.jp 
株式会社日立ニコトランスミッション,hitachi-nico.jp
株式会社日立ハイシステム２１,hs21.co.jp
株式会社日立ハイテクノロジーズ,hitachi-hitec.com 
日立ビジネスソリューション株式会社,hitachi-business.com
株式会社日立ビルシステム,hbs.co.jp
日立フィールドアンドファシリティサービス株式会社,tounichi-hitachi.co.jp
株式会社日立物流,hitachi-hb.co.jp
日立水戸エンジニアリング株式会社,himec.co.jp
株式会社日立メディアエレクトロニクス,hitachi.co.jp
株式会社日立メディコ,hitachi-medical.co.jp
株式会社ビックカメラ,biccamera.co.jp
株式会社BIGRENTAL,bigrental.co.jp
株式会社ビデオリサーチ,videor.co.jp
日野自動車株式会社,hino.co.jp
氷見市,city.himi.toyama.jp
株式会社百五銀行,hyakugo.co.jp
株式会社百十四銀行,114bank.co.jp
社会福祉法人兵庫県社会福祉事業団,hwc.or.jp
兵庫トヨタ自動車株式会社,hyogotoyota.co.jp
兵庫西農業協同組合,ja-hyogonishi.com
兵庫六甲農業協同組合,jarokko.or.jp
平塚市,city.hiratsuka.kanagawa.jp
ひろぎんシステムサービス株式会社,hirogin.co.jp
弘前市,city.hirosaki.aomori.jp
広島エルピーダメモリ株式会社,elpida.com
株式会社広島銀行,mighty.co.jp
広島県厚生農業協同組合連合会廣島総合病院,hirobyo.jp
広島県,pref.hiroshima.lg.jp
広島市農業協同組合,ja-hiroshimashi.or.jp
広島市,city.hiroshima.jp
広島トヨタ自動車株式会社,toyota.co.jp
広島トヨペット株式会社,toyota.co.jp
株式会社ファーストリテイリング,uni-qlo.co.jp
ファイザー株式会社,pfizer.co.jp
ファナック株式会社,fanuc.co.jp
株式会社ファミリーマート,family.co.jp
ファルマシア株式会社,pharmacia.co.jp
フェリカネットワークス株式会社,felicanetworks.co.jp
フォードジャパンリミテッド,ford.co.jp
株式会社福井銀行,fukuibank.co.jp
福井県,pref.fukui.jp
福井市,city.fukui.lg.jp
福井ネット株式会社,fgnet.co.jp
福岡県,pref.fukuoka.lg.jp
福岡市,city.fukuoka.jp
福岡トヨタ自動車株式会社,toyota.co.jp
福岡ひびき信用金庫,fukuokahibiki.co.jp
福岡八女農業協同組合,wing8.com
福島市,city.fukushima.fukushima.jp
福山通運株式会社,fukutsu.co.jp
富士アイティ株式会社,fuji-it.com
富士火災海上保険株式会社,fujikasai.co.jp
富士火災ビジネスソリューションズ株式会社,fujikasai-haken.jp 
株式会社フジクラ,fujikura.co.jp
株式会社不二越,nachi-fujikoshi.co.jp
富士市,city.fuji.shizuoka.jp
富士重工業株式会社,subaru-fhi.co.jp
富士ゼロックス株式会社,fujixerox.co.jp
富士ゼロックス情報システム株式会社,fxis.co.jp
富士ソフト株式会社,fsi.co.jp
富士ソフトエービーシサービスビューロ株式会社,fsiabcs.co.jp
富士ソフトディーアイエス株式会社,fsidis.co.jp
株式会社フジタ,fujita.co.jp
富士通株式会社,fujitsu.co.jp
富士通エフ・アイ・ピー株式会社,fip.co.jp
株式会社富士通エフサス,fsas.co.jp
株式会社富士通研究所,fujitsu.co.jp
株式会社富士通ゼネラル,fujitsugeneral.co.jp
富士通テン株式会社,fujitsu-ten.co.jp
富士通ネットワークソリューションズ株式会社,fjsc.co.jp
株式会社富士通ビー・エス・シー,bscn.co.jp
株式会社富士通ビジネスシステム,fjb.co.jp
富士通メディアデバイス株式会社,fujitsu.co.jp
株式会社フジテレビジョン,fujitv.co.jp
富士電機ITソリューション株式会社,fujielectric.co.jp
富士電機E&C株式会社,fujikoji.co.jp
富士電機機器制御株式会社,fujielectric.co.jp
富士電機デバイステクノロジー株式会社,fujielectric.co.jp
富士電機ホールディングス株式会社,fujielectric.co.jp
フジノン株式会社,fujinon.co.jp
富士フイルム株式会社,fujifilm.co.jp
富士フイルムグラフィックシステムズ株式会社,process-shizai.co.jp
富士フイルムメディカル株式会社,fujifilm.co.jp
富士フイルムロジスティックス株式会社,fujifilm.co.jp
富士ブレイントラスト株式会社,fbt.co.jp
ふじみ野市,city.fujimino.saitama.jp
ふそうエンジニアリング株式会社,fuso-eng.com
株式会社不動テトラ,tetra.co.jp
船井電機株式会社,funai.co.jp
船橋市,city.funabashi.chiba.jp
株式会社プライムポリマー,primepolymer.co.jp
ブラザー工業株式会社,brother.co.jp
プランテックサプライ株式会社,plantec-supply.co.jp
株式会社ブリヂストン,bridgestone.co.jp
株式会社プリンスホテル,princehotels.co.jp
古河スカイ株式会社,furukawa-sky.co.jp
古河電気工業株式会社,furukawa.co.jp
プルデンシャル生命保険株式会社,prudential.co.jp
株式会社プレミア・サービス,premier-service.co.jp
プロクター・アンド・ギャンブル・ファー・イースト・インク株式会社,pgjapan.co.jp
プロミス株式会社,promise.co.jp
株式会社ベイシア,beisia.co.jp
平成薬品株式会社,heiseiyakuhin.co.jp
碧海信用金庫,shinkin.co.jp
碧南市,city.hekinan.aichi.jp
株式会社ベネッセコーポレーション,benesse.co.jp
株式会社ベネフィット・ワン,benefit-one.co.jp
ペンタックス株式会社,pentax.co.jp
防衛省,jda.go.jp
法務省,moj.go.jp
株式会社豊和銀行,howabank.co.jp
ＨＯＹＡ株式会社,hoya.co.jp
ほくでん情報テクノロジー株式会社,ist-hokkaido.co.jp
北杜市,city.hokuto.yamanashi.jp
株式会社北洋銀行,hokuyo.co.jp
株式会社北陸銀行,hokugin.co.jp
北陸地方整備局,hrr.mlit.go.jp
北陸電気工事株式会社,rikudenko.co.jp
北陸電力株式会社,rikuden.co.jp
ポケットカード株式会社,pocketcard.co.jp
北海電気工事株式会社,hokkaidenki.co.jp
社団法人北海道勤労者医療協会,kin-ikyo.or.jp
北海道開発局,hkd.mlit.go.jp
北海道クリーンシステム株式会社,jrhokkaido.co.jp
北海道,pref.hokkaido.lg.jp
北海道電力株式会社,hepco.co.jp
北海道旅客鉄道株式会社,hjsd.co.jp
株式会社北國銀行,hokkokubank.co.jp 
株式会社ボッシュオートモーティブシステム,zexel.co.jp
防府市,city.hofu.yamaguchi.jp
株式会社ホンダアクセス,honda.co.jp
株式会社ホンダエレシス,nestec.co.jp
ホンダエンジニアリング株式会社,honda.co.jp
株式会社ホンダカーズ札幌中央,hondaism.com
本田技研工業株式会社,honda.co.jp
株式会社本田技術研究所,honda.co.jp
株式会社ホンダロジスティクス,honda-logistics.co.jp
株式会社マイカル,mycal.co.jp
株式会社毎日新聞社,mainichi.co.jp
前橋市農業協同組合,ja-maebashi.or.jp
前橋市,city.maebashi.gunma.jp
前原市,city.maebaru.fukuoka.jp
牧之原市,city.makinohara.shizuoka.jp
株式会社松坂屋ホールディング,matsuzakaya.co.jp
松下エクセルスタッフ株式会社,panasonic.co.jp
松下電器産業株式会社,mei.co.jp
松下電工株式会社,mew.co.jp
松下電工インフォメーションシステムズ株式会社,naisis.co.jp
松下東芝映像ディスプレイ株式会社,matsushita.co.jp
松下プラズマディスプレイ株式会社,toray.co.jp
松下溶接システム株式会社,panasonic.co.jp
マツダ株式会社,mazda.co.jp
株式会社マツダレンタカー,mazda-rentacar.co.jp
松戸市,city.matsudo.chiba.jp
株式会社マツモトキヨシ,matsukiyo.co.jp
マブチモーター株式会社,mabuchi-motor.co.jp
株式会社マルエツ,maruetsu.co.jp
丸三証券株式会社,marusan-sec.co.jp
丸善石油化学株式会社,chemiway.co.jp
丸紅株式会社,marubeni.co.jp
丸紅インフォテック株式会社,kanto-ele.com
三重県,pref.mie.jp
ミサワホーム株式会社,misawa.co.jp
水島協同病院,mizukyo.jp
株式会社三鈴エリー,misuzuerie.co.jp
みずほインベスターズ証券株式会社,mizuho-isec.co.jp
みずほ証券株式会社,mizuho-sc.com
みずほ信託銀行株式会社,ytb.co.jp
みずほ信不動産販売株式会社,mizuho-aj.co.jp
みずほスタッフ株式会社,mizuho-fg.co.jp
みずほ総合研究所株式会社,mizuho-ri.co.jp
みずほ投信投資顧問株式会社,dka.co.jp
株式会社みずほトラストシステムズ,mhts.co.jp
みずほビジネスサービス株式会社,mizuho-fg.co.jp
株式会社みずほフィナンシャルグループ,mizuho-fg.co.jp
みずほローンエキスパーツ株式会社,mizuhobank.co.jp
株式会社みちのく銀行,michinokubank.co.jp
三井化学株式会社,mitsui-chem.co.jp
株式会社三井化学分析センター,mcanac.co.jp
三井住友銀オートリース株式会社,smbcal.co.jp
三井住友カード株式会社,smbc-card.com
三井住友海上メットライフ生命保険株式会社,msiciti-life.com
三井住友建設株式会社,mcc.co.jp
三井住友ファイナンス＆リース株式会社,smbcleasing.co.jp
三井精機工業株式会社,mitsuiseiki.co.jp
三井造船株式会社,mes.co.jp
三井ダイレクト損害保険株式会社,mitsui-direct.co.jp
三井物産株式会社,mitsui.co.jp
三井不動産株式会社,ampark.co.jp
三井不動産販売株式会社,mitsui-hanbai.co.jp
三井不動産レジデンシャル株式会社,mfr.co.jp
三井ホーム株式会社,mitsuihome.co.jp
三井ホームコンポーネント株式会社,mhc.co.jp
株式会社三越,mitsukoshi.co.jp
株式会社三越環境デザイン,mitsukoshi.co.jp
株式会社三越環境ビル管理,mitsukoshi.co.jp
株式会社ミツバ,mitsuba.co.jp
三菱アルミニウム株式会社,malco.co.jp
三菱化学株式会社,m-kagaku.co.jp
株式会社三菱化学ヤトロン,mk-iatron.jp
三菱ガス化学株式会社,ryoko.co.jp
三菱京都病院,mitsubishi-hp.jp
三菱地所株式会社,mec.co.jp
株式会社三菱地所設計,mj-sekkei.com
三菱自動車工業株式会社,mitsubishi-motors.co.jp
三菱重工印刷紙工機械販売株式会社,mejs.com
三菱重工業株式会社,mhi.co.jp
三菱樹脂株式会社,mpi.co.jp
三菱商事株式会社,mitsubishi.co.jp
三菱商事テクノス株式会社,mmts.co.jp
三菱総研DCS株式会社,dcs.co.jp
株式会社三菱総合研究所,mri.co.jp
三菱電機株式会社,mitsubishi.com
三菱電機エンジニアリング株式会社,mee.co.jp
三菱電機鎌倉製作所,mitsubishielectric.co.jp
三菱電機情報ネットワーク株式会社,mind.co.jp
三菱電機ビルテクノサービス株式会社,meltec.co.jp
三菱電機メカトロニクスソフトウエア株式会社,msw.co.jp
三菱電線工業株式会社,mitsubishi-cable.co.jp
株式会社三菱東京ＵＦＪ銀行,btm.co.jp
三菱ふそうトラック･バス株式会社,mitsubishi-fuso.com
三菱マテリアル株式会社,mmc.co.jp
三菱マテリアル神戸ツールズ株式会社,mitsubishicarbide-kobetools.com
三菱マテリアルテクノ株式会社,ote.co.jp
三菱UFJニコス株式会社,nicos.co.jp
三菱UFJ証券株式会社,kokusai.co.jp
三菱ＵＦＪ信託銀行株式会社,mitsubishi-trust.co.jp
三菱UFJメリルリンチPB証券株式会社,muml-pb.co.jp
三菱UFJリサーチ&コンサルティング株式会社,ufji.co.jp
三菱UFJリース株式会社,dia-lease.co.jp
三菱レイヨン株式会社,mrc.co.jp
ミツミ電機株式会社,mitsumi.co.jp
独立行政法人緑資源機構,green.go.jp
みなかみ町,town.minakami.gunma.jp
株式会社南日本銀行,nangin.co.jp
宮城県,pref.miyagi.jp
宮城県立こども病院,miyagi-children.or.jp
宮城トヨタ自動車株式会社,miyagi-toyota.co.jp
都城市,city.miyakonojo.miyazaki.jp
株式会社宮崎銀行,miyagin.co.jp
宮崎県,pref.miyazaki.lg.jp
株式会社宮崎太陽銀行,taiyobank.co.jp
株式会社ミレニアムリテイリング,millennium-retailing.co.jp
株式会社武蔵野銀行,musashinobank.co.jp
村田機械株式会社,muratec.co.jp
株式会社村田製作所,murata.co.jp
明治製菓株式会社,meiji.co.jp
明治乳業株式会社,meinyu.co.jp
株式会社明治屋,meidi-ya.co.jp
明治安田生命保険相互会社,meiji-life.co.jp
株式会社名鉄百貨店,meitetsu.co.jp
株式会社明電舎,meidensha.co.jp
株式会社メタルワン,mitsubishi.co.jp
株式会社メディカル一光,m-ikkou.co.jp
株式会社メディセオ・パルタックホールディングス,kuraya.co.jp
メリルリンチ日本証券株式会社,ml.com
メルシャン株式会社,mercian.co.jp
メルセデス・ベンツ日本株式会社,daimlerchrysler.co.jp
株式会社もしもしホットライン,moshimoshi.co.jp
持田製薬株式会社,mochida.co.jp
株式会社ＭｏｎｏｔａＲＯ,monotaro.com
株式会社もみじ銀行,hiroso.co.jp
盛岡市,city.morioka.iwate.jp 
株式会社森精機製作所,moriseiki.co.jp
株式会社森精機ハイテック,moriseiki.com
森永乳業株式会社,morinagamilk.co.jp
株式会社ヤクルト本社,yakult.co.jp
矢崎計器株式会社,yzk.co.jp
矢崎総業株式会社,yzk.co.jp
矢崎部品株式会社,yzk.co.jp
安川シーメンスオートメーション・ドライブ株式会社,ysad.co.jp
株式会社安川電機,yaskawa.co.jp
株式会社八千代銀行,yachiyobank.co.jp
八代地域農業協同組合,kasias.or.jp
株式会社ヤナセ,yanase.co.jp
矢作建設工業株式会社,yahagi.co.jp
株式会社山形銀行,yamagatabank.co.jp
山形県,pref.yamagata.lg.jp
山形市,city.yamagata.yamagata.jp
山形日本電気株式会社,nec.co.jp
株式会社山口銀行,yamaguchibank.co.jp
山口県,pref.yamaguchi.jp
山崎製パン株式会社,b-brain.co.jp
ヤマザキ・ナビスコ株式会社,mitsubishi.co.jp
株式会社山武,yamatake.co.jp
株式会社ヤマダ電機,yamada-denki.jp
大和市,city.yamato.kanagawa.jp
ヤマトロジスティクス株式会社,yamatogf.co.jp
山梨県,pref.yamanashi.jp
ヤマハ株式会社,yamaha.co.jp
ヤマハ発動機株式会社,yamaha-motor.co.jp
ヤンセンファーマ株式会社,janssen.co.jp
ヤンマー株式会社,yanmar.co.jp
株式会社ユアサコーポレーション,yuasa-jpn.co.jp
ＵＦＪＩＳ株式会社,ufjis.com
ユーシーカード株式会社,uccard.co.jp
ユーシーシー上島珈琲株式会社,ucc.co.jp
株式会社USEN,usen.co.jp
郵船航空サービス株式会社,yusen.co.jp
株式会社ユーフィット,ufit.co.jp
株式会社ユナイテッドアローズ,united-arrows.co.jp
ユニシアジェーケーシーステアリングシステム株式会社,hitachi-unisia.co.jp
ユニバーサル造船株式会社,u-zosen.co.jp
株式会社ヨークベニマル,yorkbeni.co.jp
預金保険機構,dic.go.jp
横河情報システムズ株式会社,yicweb.co.jp
横河電機株式会社,yokogawa.co.jp
横河マニュファクチャリング株式会社,yokogawa.co.jp
横河レンタ・リース株式会社,yrl.com
横須賀市,city.yokosuka.kanagawa.jp
横手市,city.yokote.lg.jp
株式会社横浜銀行,boy.co.jp
横浜ゴム株式会社,yrc.co.jp
横浜市,city.yokohama.jp
株式会社吉野家,yoshinoyadc.com
四日市市,city.yokkaichi.mie.jp
株式会社読売新聞大阪本社,yomiuri.co.jp
株式会社読売新聞東京本社,yomiuri.co.jp
株式会社四電工,yondenko.co.jp
四電ビジネス株式会社,yonsan.co.jp
ライオン株式会社,lion.co.jp
ライオン・フィールド・マーケティング株式会社,lion.co.jp
株式会社ライクス,nichiga.co.jp
株式会社ライフ,lifecard.co.jp
株式会社ライフコーポレーション,lifecorp.jp
楽天株式会社,rakuten.co.jp
陸上自衛隊,jda.go.jp
株式会社リクルート,recruit.co.jp
株式会社リクルートマネジメントソリューションズ,hrr.co.jp
株式会社リコー,ricoh.co.jp
リコー関西株式会社,ricoh.co.jp
リコー中部株式会社,ricoh.co.jp
リコーテクノシステムズ株式会社,r-ts.co.jp
株式会社りそなホールディングス,resona-hd.co.jp
栗東市,city.ritto.shiga.jp
株式会社琉球銀行,ryugin.co.jp
菱電商事株式会社,ryoden.co.jp
株式会社良品計画,muji.co.jp
株式会社リョーイン,ryoin.co.jp
株式会社リョーサン,ryosan.co.jp
株式会社リョーショクリカー,nakaizumi.co.jp
りんかい日産建設株式会社,nissan-con.co.jp
株式会社ルネサステクノロジ,renesas.com
株式会社ルネサスデザイン,msc.co.jp
株式会社ルネサス東日本セミコンダクタ,esemitech.com
株式会社ルネサンス,s-renaissance.co.jp
レンゴー株式会社,rengo.co.jp
株式会社レンタルのニッケン,rental.co.jp
株式会社ローソン,lawson.co.jp
ローム株式会社,rohm.co.jp
株式会社ロジワン,daiei.co.jp
株式会社ロプロ,lopro.co.jp
株式会社ワールド,world.co.jp
ＹＫＫ株式会社,ykk.co.jp
YKKAP株式会社,at-home.co.jp
ＹＫＫファスニングプロダクツ販売株式会社,ykkfastening.com
和歌山県,pref.wakayama.lg.jp
和光堂株式会社,wakodo.co.jp
株式会社ワコール,wacoal.co.jp
